{
  "summary": {
    "accuracy": 0.9,
    "precision": 0.8993265993265993,
    "recall": 0.9,
    "f1_score": 0.8981620718462824,
    "roc_auc": 0.9633333333333333
  },
  "per_class_metrics": {
    "precision": [
      0.9090909090909091,
      0.9,
      0.8888888888888888
    ],
    "recall": [
      1.0,
      0.9,
      0.8
    ],
    "f1": [
      0.9523809523809523,
      0.9,
      0.8421052631578947
    ]
  },
  "classification_report": {
    "setosa": {
      "precision": 0.9090909090909091,
      "recall": 1.0,
      "f1-score": 0.9523809523809523,
      "support": 10.0
    },
    "versicolor": {
      "precision": 0.9,
      "recall": 0.9,
      "f1-score": 0.9,
      "support": 10.0
    },
    "virginica": {
      "precision": 0.8888888888888888,
      "recall": 0.8,
      "f1-score": 0.8421052631578947,
      "support": 10.0
    },
    "accuracy": 0.9,
    "macro avg": {
      "precision": 0.8993265993265993,
      "recall": 0.9,
      "f1-score": 0.8981620718462824,
      "support": 30.0
    },
    "weighted avg": {
      "precision": 0.8993265993265993,
      "recall": 0.9,
      "f1-score": 0.8981620718462824,
      "support": 30.0
    }
  },
  "confusion_matrix": [
    [
      10,
      0,
      0
    ],
    [
      0,
      9,
      1
    ],
    [
      1,
      1,
      8
    ]
  ]
}